Dataset,Accuracy,Precision,Recall,F1-Score
Train,96.91264069752147,96.92537311865475,96.91264069752147,96.90983968260791
Validation,96.96331930246542,96.9779364825736,96.96331930246542,96.96039105472096
